,MSE,RMSE,MAE,R2
Gradient Boosting,1.013055259404758,1.0065064626741143,0.7731166237442626,0.9466306758495765
Linear Regression,1.0136606789810427,1.0068071707040245,0.7752198403847961,0.9465987814061947
Ridge Regression,1.0147408644389264,1.0073434689513436,0.7753767544071732,0.9465418755589478
XGBoost,1.041906842119608,1.0207383808398742,0.7816258982536048,0.9451107296710568
Random Forest,1.0488839610576222,1.0241503605709574,0.7860040491088088,0.9447431642112439
LSTM,19.756692685505527,4.444850130826182,3.398476359335847,-0.03774851009963709
